<?xml version="1.0" encoding="UTF-8"?>
<project-private xmlns="http://www.netbeans.org/ns/project-private/1">
    <editor-bookmarks xmlns="http://www.netbeans.org/ns/editor-bookmarks/2" lastBookmarkId="1">
        <file>
            <url>src/java/DAO/AuctionDAO.java</url>
            <bookmark id="1">
                <name/>
                <line>60</line>
                <key/>
            </bookmark>
        </file>
    </editor-bookmarks>
    <open-files xmlns="http://www.netbeans.org/ns/projectui-open-files/2">
        <group>
            <file>file:/C:/Users/Asus/Downloads/ProjectSWP391_GR3/ProjectSWP391/src/java/DAO/ContactDAO.java</file>
            <file>file:/C:/Users/Asus/Downloads/ProjectSWP391_GR3/ProjectSWP391/web/DetailMyLandLot.jsp</file>
            <file>file:/C:/Users/Asus/Downloads/ProjectSWP391_GR3/ProjectSWP391/src/java/DAO/AuctionLogsDAO.java</file>
            <file>file:/C:/Users/Asus/Downloads/ProjectSWP391_GR3/ProjectSWP391/web/RegistAuction.jsp</file>
            <file>file:/C:/Users/Asus/Downloads/ProjectSWP391_GR3/ProjectSWP391/web/TransactionHistory.jsp</file>
            <file>file:/C:/Users/Asus/Downloads/ProjectSWP391_GR3/ProjectSWP391/src/java/Controller/HistoryBid.java</file>
            <file>file:/C:/Users/Asus/Downloads/ProjectSWP391_GR3/ProjectSWP391/web/HomePage.jsp</file>
            <file>file:/C:/Users/Asus/Downloads/ProjectSWP391_GR3/ProjectSWP391/src/java/DAO/LandLotsDAO.java</file>
            <file>file:/C:/Users/Asus/Downloads/ProjectSWP391_GR3/ProjectSWP391/src/java/DAO/AuctionDAO.java</file>
            <file>file:/C:/Users/Asus/Downloads/ProjectSWP391_GR3/ProjectSWP391/web/LandDetail.jsp</file>
        </group>
    </open-files>
</project-private>
